{
  "cpu": 68.6,
  "memory": 87.2,
  "disk": 46.5,
  "load": 28.46826171875,
  "processes": 3492,
  "timestamp": "2025-09-04T06:25:37.637084"
}