{
  "cpu": 63.0,
  "memory": 92.7,
  "disk": 51.3,
  "load": 321.4931640625,
  "processes": 3894,
  "timestamp": "2025-09-06T07:25:48.738651"
}