{
  "cpu": 70.1,
  "memory": 94.4,
  "disk": 46.7,
  "load": 62.08203125,
  "processes": 3632,
  "timestamp": "2025-09-04T09:10:49.972166"
}