{
  "cpu": 69.0,
  "memory": 88.2,
  "disk": 46.6,
  "load": 29.68896484375,
  "processes": 3540,
  "timestamp": "2025-09-04T07:12:06.679498"
}