{
  "cpu": 69.3,
  "memory": 89.8,
  "disk": 46.6,
  "load": 31.537109375,
  "processes": 3522,
  "timestamp": "2025-09-04T07:34:21.250385"
}