{
  "cpu": 68.4,
  "memory": 95.1,
  "disk": 46.7,
  "load": 30.78564453125,
  "processes": 3578,
  "timestamp": "2025-09-04T09:18:52.004597"
}