{
  "cpu": 73.0,
  "memory": 87.0,
  "disk": 46.4,
  "load": 29.65185546875,
  "processes": 3508,
  "timestamp": "2025-09-04T05:28:57.061701"
}