{
  "cpu": 87.5,
  "memory": 84.1,
  "disk": 46.3,
  "load": 19.4775390625,
  "processes": 3408,
  "timestamp": "2025-09-04T03:57:42.808945"
}