{
  "cpu": 56.8,
  "memory": 89.6,
  "disk": 46.6,
  "load": 26.57373046875,
  "processes": 3498,
  "timestamp": "2025-09-04T07:37:01.746562"
}