{
  "cpu": 69.2,
  "memory": 87.8,
  "disk": 46.5,
  "load": 37.9306640625,
  "processes": 3545,
  "timestamp": "2025-09-04T06:15:51.615328"
}