{
  "cpu": 78.4,
  "memory": 87.4,
  "disk": 46.5,
  "load": 25.7216796875,
  "processes": 3489,
  "timestamp": "2025-09-04T06:41:38.545783"
}