{
  "version": 3,
  "capabilities": {
    "mathematics": {
      "algebra": 0.9832128304804408,
      "calculus": 0.9832128304804408,
      "statistics": 0.9832128304804408
    },
    "language": {
      "syntax": 1.0,
      "semantics": 0.9777909615143431,
      "generation": 0.9777909615143431
    },
    "code": {
      "correctness": 0.9001578915581925,
      "efficiency": 0.7501315762984938,
      "readability": 0.7501315762984938
    }
  },
  "total_improvements": 4,
  "last_evaluation": 1756900406.6358654
}